time,X,N,G,F,E,Temp
0.0,0.5,0.14,110.0,110.0,0.0,293.15
0.1,0.501361107982812,0.13988463431154977,109.79024326744515,109.95305220227138,0.14588014443350936,293.15
0.2,0.5027252233668098,0.1397690137198054,109.5891138236842,109.90768091112236,0.28576563246475134,293.15
0.3,0.5040923485550977,0.1396531380210832,109.3955567010728,109.86369086147462,0.4203900194533486,293.15
0.4,0.5054624859239669,0.1395370070139719,109.20871348856035,109.82092316955595,0.5503501822120842,293.15
0.5,0.5068356378226884,0.13942062049935042,109.02787470434491,109.77924651649872,0.6761394392521128,293.15
0.6,0.5082118065733005,0.1393039782804059,108.85244576098745,109.73855084852296,0.7981712178437065,293.15
0.7,0.5095909944703991,0.13918708016265147,108.68192285840962,109.69874291489876,0.9167958171925028,293.15
0.8,0.5109732037809294,0.13906992595394393,108.51587438393167,109.65974282513069,1.0323133423889597,293.15
0.9,0.5123584367439682,0.1389525154645021,108.35392765608593,109.6214815954945,1.144982921989192,293.15
1.0,0.5137466955705141,0.1388348485069247,108.19575752253311,109.58389903846904,1.2550306368660216,293.15
1.1,0.5151379824432848,0.13871692489620752,108.04107953664366,109.546942500033,1.3626542644744337,293.15
1.2,0.5165322995164735,0.138598744449764,107.8896417670149,109.51056534358337,1.468028974387318,293.15
1.3,0.5179296489155658,0.13848030698744088,107.74122051007652,109.47472615640827,1.5713103095278382,293.15
1.4,0.5193300327371306,0.1383616123315357,107.59561680579282,109.43938810503016,1.6726366085283242,293.15
1.5,0.5207334530485352,0.13824266030682128,107.45265119439311,109.4045179645905,1.7721326519582594,293.15
1.6,0.5221399118878258,0.13812345074055551,107.31216220201605,109.37008583858092,1.869910715302869,293.15
1.7,0.5235494112634635,0.13800398346250392,107.17400387746079,109.33606470310853,1.9660722814493963,293.15
1.8,0.5249619531540946,0.13788425830495912,107.03804386705045,109.30243005063156,2.0607093792382862,293.15
1.9,0.5263775395082894,0.13776427510276287,106.90416076696904,109.26915939977597,2.1539064247898643,293.15
2.0,0.5277961722444748,0.1376440336933119,106.77224398381239,109.23623226959481,2.2457403183377584,293.15
2.1,0.52921785325056,0.13752353391658956,106.64219187913882,109.20362983627248,2.3362817341896447,293.15
2.2,0.5306425843838576,0.1374027756151725,106.51391162526353,109.17133490653318,2.425595220811804,293.15
2.3,0.5320703674706166,0.1372817586342703,106.3873168500628,109.13933148159646,2.5137408387763505,293.15
2.4,0.533501204306023,0.13716048282172544,106.26232761193064,109.10760475254064,2.60077417817783,293.15
2.5,0.5349350966540256,0.13703894802802796,106.13887017935149,109.07614105958702,2.6867465117517977,293.15
2.6,0.5363720462468745,0.13691715410635466,106.0168757469213,109.04492765451874,2.7717056875721147,293.15
2.7,0.5378120547852474,0.13679510091255837,105.8962810081012,109.0139528067906,2.855695730589572,293.15
2.8,0.539255123937537,0.13667278830522836,105.77702634433714,108.98320546824225,2.938758102067144,293.15
2.9,0.5407012553398514,0.13655021614569032,105.65905582505997,108.95267527309824,3.0209316995799926,293.15
3.0,0.5421504505960731,0.1364273842980013,105.5423172986633,108.92235255481768,3.1022527937318998,293.15
3.1,0.5436027112773043,0.1363042926289968,105.42676189175812,108.8922282534831,3.1827553762220475,293.15
3.2,0.5450580389216626,0.13618094100830805,105.31234357747634,108.8622938359437,3.262471459943408,293.15000000000003
3.3,0.5465164350344973,0.1360573293083436,105.19901966435532,108.83254138637803,3.3414307388851827,293.15000000000003
3.4,0.5479779010873941,0.1359334574043739,105.0867495559251,108.80296337661602,3.4196614508507968,293.15000000000003
3.5,0.5494424385181753,0.13580932517453098,104.97549475070838,108.77355266613907,3.4971903774579,293.15000000000003
3.6,0.5509100487308999,0.13568493249980873,104.86521884222053,108.74430250207999,3.5740428441383663,293.15000000000003
3.7,0.5523807330959581,0.13556027926405467,104.75588758579174,108.71520653159985,3.6502426736549296,293.15000000000003
3.8,0.5538544929493984,0.1354353653540272,104.6474686719092,108.68625876001593,3.7258123435634847,293.15000000000003
3.9,0.5553313295920786,0.13531019065946726,104.5399309946581,108.65745341536187,3.8007734949890137,293.15000000000003
4.0,0.556811244291303,0.1351847550729599,104.4332458274045,108.62878516613323,3.875146114816695,293.15000000000003
4.1,0.5582942382788093,0.1350590584901047,104.3273856201531,108.60024889858649,3.948949372184885,293.15000000000003
4.2,0.5597803127507687,0.1349331008095157,104.22232399954733,108.57183971673906,4.022201618485115,293.15000000000003
4.3,0.5612694688677866,0.13480688193282162,104.11803576886932,108.5435529423693,4.09492038736209,293.1500000000001
4.4,0.5627617077549019,0.13468040176466564,104.01449690803989,108.51538411501637,4.167122394713695,293.1500000000001
4.5,0.5642570305015874,0.13455366021270554,103.9116845736186,108.48732899198048,4.238823538690986,293.1500000000001
4.6,0.5657554381622683,0.13442665718756958,103.8095773354964,108.45938359219966,4.310038734975163,293.1500000000001
4.7,0.5672569317520831,0.13429939260321608,103.70815394679883,108.431543968517,4.380782772291725,293.1500000000001
4.8,0.5687615122520141,0.13417186637649822,103.60739472761661,108.4038064639149,4.451069349929829,293.1500000000001
4.9,0.570269180606242,0.13404407842738852,103.50728094322294,108.3761675963998,4.5209115101924455,293.15000000000015
5.0,0.5717799377211815,0.13391602867906052,103.40779451336151,108.3486240051585,4.590321840625855,293.15000000000015
5.1,0.5732937844654813,0.1337877170578887,103.30891801224652,108.32117245055822,4.659312474019652,293.15000000000015
5.2,0.5748107216700244,0.13365914349344848,103.21063466856252,108.29380981414658,4.727895088406742,293.1500000000002
5.3,0.576330750127928,0.13353030791851642,103.11292836546455,108.2665330986516,4.796080907063343,293.1500000000002
5.4,0.5778538705945432,0.1334012102690699,103.01578364057812,108.23933942798172,4.863880698508987,293.15000000000026
5.5,0.5793800837874553,0.13327185048428733,102.91918568599914,108.2122260472257,4.931304776506518,293.15000000000026
5.6,0.5809093903877358,0.13314222850644208,102.82312057682798,108.18519036501458,4.998362841013899,293.1500000000003
5.7,0.5824417910326293,0.13301234428152206,102.72757430705867,108.15822977502499,5.065064648767184,293.1500000000003
5.8,0.5839772863232281,0.13288219775857957,102.63253368042776,108.13134182091844,5.13141939363205,293.1500000000004
5.9,0.5855158768230533,0.13275178888985129,102.53798626772382,108.10452418848726,5.197435736213358,293.1500000000004
6.0,0.5870575630551756,0.13262111763100243,102.44392000071805,108.0777746304359,5.263122086366937,293.15000000000043
6.1,0.5886023455022166,0.13249018394112663,102.3503231721643,108.05109096638101,5.328486603199579,293.1500000000005
6.2,0.5901502246063477,0.13235898778274607,102.25718443579905,108.02447108285128,5.39353719506904,293.15000000000055
6.3,0.5917012007692907,0.13222752912181132,102.1644928063414,107.99791293328758,5.458281519584039,293.1500000000006
6.4,0.5932552743523175,0.13209580792770145,102.07223765949308,107.97141453804291,5.522726983604262,293.15000000000066
6.5,0.5948124456762504,0.13196382417322405,101.98040873193847,107.94497398438233,5.5868807432403536,293.1500000000008
6.6,0.5963727150214616,0.13183157783461508,101.88899612134456,107.91858942648314,5.6507497038539265,293.15000000000083
6.7,0.597936082627874,0.131699068891539,101.79799028636097,107.89225908543467,5.714340520057558,293.15000000000094
6.8,0.5995025486972323,0.13156629732689626,101.70738222800112,107.86598128286198,5.777659469463903,293.150000000001
6.9,0.6010721133827682,0.1314332631276991,101.61716289165645,107.83975433024074,5.840712868626346,293.1500000000011
7.0,0.6026447767956572,0.1312999662845244,101.52732338665773,107.81357656946038,5.9035069204370885,293.1500000000012
7.1,0.6042205390112739,0.13116640679098357,101.43785554535171,107.78744647646522,5.966047324984801,293.1500000000014
7.2,0.6057994000612733,0.13103258464439357,101.34875139773384,107.76136256392446,6.028339645136985,293.1500000000015
7.3,0.6073813599335912,0.13089849984577695,101.26000317144833,107.73532338123228,6.090389306539971,293.1500000000017
7.4,0.6089664185724436,0.13076415239986183,101.1716032917881,107.70932751450778,6.152201597618931,293.15000000000185
7.5,0.6105545758783275,0.13062954231508203,101.08354438169488,107.68337358659505,6.213781669577869,293.1500000000021
7.6,0.6121458317080202,0.13049466960357683,100.99581926175908,107.65746025706315,6.275134536399623,293.1500000000023
7.7,0.6137401858745798,0.13035953428119124,100.90842095021989,107.63158622220602,6.336265074845866,293.15000000000254
7.8,0.615337638147345,0.1302241363674758,100.82134266296522,107.6057502150426,6.397178024457108,293.1500000000028
7.9,0.6169381882519348,0.13008847588568664,100.73457781353173,107.57995100531679,6.457877987552687,293.1500000000031
8.0,0.6185418358702491,0.1299525528627855,100.64812001310484,107.55418739949741,6.51836942923078,293.15000000000344
8.1,0.6201485806404683,0.12981636732943977,100.5619630705187,107.52845824077826,6.5786566773684,293.1500000000038
8.2,0.6217584221570531,0.12967991932002235,100.47610099225618,107.50276240907809,6.638743922621391,293.1500000000042
8.3,0.6233713599775963,0.12954320887203113,100.39052829243774,107.47709887856202,6.698635002511841,293.15000000000464
8.4,0.6249873935876309,0.12940623602907164,100.30523877548399,107.45146649205901,6.758334248827935,293.15000000000515
8.5,0.6266065224459336,0.12926900083701726,100.2202269459555,107.42586422222564,6.8178455063459555,293.15000000000566
8.6,0.6282287459675114,0.12913150334545115,100.13548754922267,107.40029108650367,6.877172452471244,293.1500000000063
8.7,0.629854063519689,0.12899374360799806,100.05101543818641,107.37474612241934,6.936318690021676,293.1500000000069
8.8,0.6314824744221075,0.12885572168232431,99.96680557327824,107.3492283875833,6.995287747227661,293.15000000000765
8.9,0.633113977946725,0.12871743763013774,99.88285302246024,107.32373695969063,7.054083077732139,293.1500000000085
9.0,0.6347485733178169,0.12857889151718774,99.7991529612251,107.29827093652092,7.1127080605905855,293.15000000000936
9.1,0.6363862597119749,0.12844008341326524,99.71570067259607,107.27282943593814,7.171166000271008,293.1500000000104
9.2,0.6380270362581086,0.12830101339220276,99.63249154712702,107.2474115958907,7.229460126653948,293.15000000001146
9.3,0.6396709020374438,0.12816168153187435,99.54952108290232,107.22201657441151,7.287593595032481,293.15000000001265
9.4,0.6413178560835234,0.1280220879141956,99.466784885537,107.19664354961787,7.345569486112213,293.150000000014
9.5,0.6429678973822075,0.1278822326251237,99.38427866817663,107.17129171971153,7.403390806011284,293.1500000000155
9.6,0.6446210248716727,0.1277421157546573,99.30199825149738,107.14596030297871,7.4610604862603696,293.1500000000171
9.7,0.646277237442413,0.12760173739683672,99.21993956370596,107.12064853779003,7.518581383802676,293.1500000000189
9.8,0.6479365339372392,0.12746109764974373,99.13809864053971,107.09535568260057,7.575956280993944,293.1500000000209
9.9,0.6495989131512788,0.12732019661550165,99.05647162526654,107.07008101594988,7.633187885602445,293.1500000000231
10.0,0.6512643738395028,0.1271790343996376,98.97505491275682,107.04482386318288,7.690278730436317,293.1500000000255
10.1,0.6529329146919675,0.12703761111318054,98.8938448352529,107.0195835383527,7.747231392004789,293.15000000002823
10.2,0.6546045343322758,0.1268959268727921,98.8128374265804,106.99435930030172,7.8040486550275485,293.1500000000312
10.3,0.6562792313619504,0.1267539817970053,98.73202927310271,106.96915051046308,7.860732919636772,293.1500000000345
10.4,0.6579570043300801,0.1266117760087975,98.65141701937598,106.9439565412605,7.917286545665575,293.15000000003806
10.5,0.6596378517333207,0.12646930963559008,98.57099736814914,106.91877677610819,7.97371185264801,293.1500000000421
10.6,0.661321772015894,0.12632658280924872,98.49076708036372,106.89361060941081,8.030011119819065,293.15000000004653
10.7,0.6630087635695893,0.12618359566608323,98.41072297515416,106.86845744656365,8.08618658611467,293.1500000000514
10.8,0.6646988247337615,0.1260403483468476,98.33086192984749,106.84331670395241,8.142240450171684,293.1500000000568
10.9,0.6663919537953329,0.1258968409967401,98.25118087996356,106.81818780895333,8.198174870327907,293.1500000000628
11.0,0.6680881489887915,0.12575307376540304,98.1716768192149,106.79307019993317,8.25399196462208,293.15000000006944
11.1,0.6697874084961929,0.12560904680692309,98.09234679950681,106.7679633262492,8.309693810793874,293.1500000000767
11.2,0.6714897304471585,0.12546476027983092,98.01318793093733,106.74286664824918,8.365282446283901,293.1500000000848
11.3,0.6731951129188766,0.12532021434710153,97.93419738179719,106.71777963727139,8.420759868233711,293.1500000000937
11.4,0.6749035539361019,0.12517540917615402,97.85537237856988,106.69270177564464,8.476128033485786,293.15000000010355
11.5,0.6766150514711559,0.12503034493885176,97.77671020593165,106.66763255668822,8.53138885858355,293.15000000011446
11.6,0.6783296034439265,0.12488502181150223,97.69820820675143,106.64257148471194,8.586544219771362,293.1500000001265
11.7,0.6800472077218682,0.1247394399748571,97.61986378209093,106.61751807501612,8.641595952994518,293.1500000001398
11.8,0.6817678621200023,0.12459359961411232,97.54167439120458,106.59247185389161,8.696545853899252,293.15000000015453
11.9,0.6834915644009164,0.12444750091890788,97.46363755153952,106.56743235861975,8.75139567783273,293.1500000001708
12.0,0.6852183122747647,0.12430114408332808,97.38575083873567,106.54239913747237,8.806147139843064,293.15000000018875
12.1,0.6869481034109772,0.1241545293049089,97.30801201532955,106.51737177359205,8.860801824938628,293.1500000002086
12.2,0.6886809354038403,0.12400765678755542,97.23041881438219,106.49234984506747,8.915361338696304,293.15000000023053
12.3,0.6904168057568429,0.12386052674286856,97.15296856187699,106.46733285462692,8.969827570809594,293.15000000025475
12.4,0.6921557119665902,0.1237131393830327,97.07565908529061,106.44232039817751,9.024202061638281,293.1500000002816
12.5,0.693897651471698,0.12356549492514736,96.99848824347387,106.41731207769206,9.078486329879855,293.1500000003112
12.6,0.6956426216527929,0.12341759359122713,96.92145392665172,106.39230750120892,9.132681872569517,293.15000000034394
12.7,0.6973906198325114,0.12326943560820167,96.8445540564232,106.36730628283208,9.186790165080183,293.1500000003801
12.8,0.6991416432755012,0.12312102120791583,96.76778658576157,106.3423080427312,9.240812661122478,293.15000000042005
12.9,0.7008956891884204,0.12297235062712955,96.69114949901416,106.31731240714156,9.29475079274474,293.1500000004642
13.0,0.7026527547199375,0.12282342410751783,96.61464081190245,106.29231900836402,9.348605970333018,293.15000000051305
13.1,0.7044128369607315,0.1226742418956708,96.53825857152206,106.26732748476505,9.402379582611072,293.15000000056705
13.2,0.7061759329434925,0.12252480424309374,96.46200085634278,106.24233748077683,9.456072996640374,293.1500000006267
13.3,0.7079420396429202,0.122375111406207,96.38586577620849,106.21734864689708,9.509687557820113,293.15000000069256
13.4,0.7097111539757257,0.122225163646346,96.30985147233723,106.1923606396892,9.563224589887179,293.15000000076543
13.5,0.7114832728006304,0.12207496122976134,96.23395611732116,106.16737312178216,9.616685394916182,293.1500000008459
13.6,0.7132583929183659,0.12192450442761871,96.15817791512657,106.14238576187063,9.670071253319442,293.1500000009349
13.7,0.7150365110716749,0.12177379351599887,96.08251510109396,106.11739823471481,9.72338342384699,293.1500000010332
13.8,0.7168176239453103,0.12162282877589772,96.00696594193786,106.09241022114058,9.776623143586567,293.1500000011419
13.9,0.7186017281660357,0.12147161049322629,95.93152873574702,106.06742140803948,9.829791627963628,293.15000000126196
14.0,0.7203888203026251,0.12132013895881062,95.85620181198426,106.04243148836856,9.88289007074134,293.1500000013947
14.1,0.7221788968658632,0.121168414468392,95.7809835314866,106.0174401611506,9.935919644020577,293.1500000015414
14.2,0.7239719543085452,0.12101643732262671,95.70587228646515,105.99244713147398,9.988881498239934,293.1500000017035
14.3,0.7257679890254769,0.12086420782708619,95.63086650050516,105.96745211049266,10.041776762175708,293.1500000018827
14.4,0.7275669973534746,0.120711726292257,95.55596462856607,105.94245481542626,10.09460654294191,293.1500000020807
14.5,0.7293689755713652,0.12055899303354077,95.48116515698139,105.91745496956003,10.147371925990273,293.1500000022995
14.6,0.7311739198999859,0.12040600837125426,95.4064666034588,105.8924523022448,10.200073975110222,293.15000000254133
14.7,0.7329818265259187,0.12025277262861768,95.33186788719206,105.86744661784428,10.252713473944883,293.1500000028086
14.8,0.7347926914663822,0.12009928614320628,95.25736702378968,105.84243755321431,10.305291836878862,293.150000003104
14.9,0.7366065107601192,0.11994554925077083,95.1829626271964,105.81742485642089,10.357810061092234,293.1500000034305
15.0,0.7384232803840726,0.11979156229230033,95.10865334891376,105.79240828279407,10.41026911774309,293.15000000379126
15.1,0.7402429962510304,0.11963732561422136,95.03443785733758,105.76738759109037,10.462669966387468,293.15000000418996
15.2,0.7420656542096256,0.11948283956839821,94.96031483775798,105.74236254349273,10.51501355497937,293.15000000463067
15.3,0.7438912500443369,0.11932810451213287,94.88628299235948,105.7173329056106,10.56730081987076,293.15000000511765
15.4,0.7457197794754881,0.1191731208081649,94.81234104022093,105.69229844647982,10.619532685811546,293.1500000056559
15.5,0.7475512381592483,0.11901788882467162,94.7384877173155,105.66725893856274,10.671710065949616,293.15000000625076
15.6,0.7493856216876321,0.11886240893526795,94.66472177651063,105.64221415774811,10.723833861830801,293.15000000690816
15.7,0.7512229255884993,0.11870668151900649,94.59104198756819,105.61716388335115,10.775904963398895,293.1500000076347
15.8,0.7530631453255552,0.11855070696037755,94.51744713714437,105.5921078981136,10.827924248995659,293.15000000843764
15.9,0.75490627629835,0.11839448564930903,94.44393602878964,105.56704598820353,10.879892585360796,293.150000009325
16.0,0.7567523138422797,0.11823801798116655,94.37050748294885,105.54197794321557,10.931810827631983,293.15000001030575
16.1,0.7586012532285851,0.11808130435675337,94.29716033696116,105.51690355617073,10.983679819344852,293.15000001138964
16.2,0.7604530896643528,0.11792434518231043,94.22389344506006,105.49182262351653,11.035500392432985,293.1500000125875
16.3,0.7623078182925146,0.11776714086951631,94.15070567837341,105.46673494512692,11.087273367227938,293.1500000139113
16.4,0.7641654341918473,0.1176096918354873,94.07759592492339,105.4416403243023,11.138999552459213,293.15000001537436
16.5,0.7660259323769737,0.11745199850277731,94.00456308962647,105.41653856776952,11.190679745254277,293.1500000169913
16.6,0.7678893077983612,0.11729406129937793,93.93160609429351,105.3914294856819,11.242314731138556,293.1500000187783
16.7,0.7697555553423228,0.11713588065871841,93.8587238776297,105.3663128916192,11.29390528403543,293.1500000207532
16.8,0.7716246698310169,0.11697745701966566,93.78591539523453,105.34118860258765,11.345452166266247,293.1500000229359
16.9,0.773496646022447,0.11681879082652431,93.71317961960185,105.3160564390199,11.3969561285503,293.15000002534805
17.0,0.7753714786104624,0.11665988252903657,93.64051554011981,105.29091622477509,11.448417910004858,293.15000002801395
17.1,0.777249162224757,0.11650073258238237,93.56792216307095,105.26576778713878,11.499838238145134,293.1500000309602
17.2,0.7791296914308707,0.1163413414471793,93.4953985116321,105.24061095682303,11.551217828884305,293.1500000342163
17.3,0.7810130607301884,0.11618170958948257,93.42294362587445,105.21544556796631,11.602557386533512,293.1500000378149
17.4,0.7828992645599402,0.11602183748078512,93.35055656276351,105.19027145813355,11.653857603801843,293.15000004179194
17.5,0.7847882972932018,0.1158617255980175,93.27823639615913,105.16508846831614,11.70511916179636,293.15000004618724
17.6,0.7866801532388938,0.11570137442354798,93.20598221681547,105.13989644293197,11.756342730022071,293.1500000510448
17.7,0.7885748266080431,0.11554078444804218,93.13379331261878,105.11469526368143,11.807528840470018,293.1500000564132
17.8,0.7904723115342506,0.11537995616872819,93.06166877164205,105.08948477549227,11.858678164555883,293.15000006234624
17.9,0.7923726021595714,0.1152188900821176,92.98960742271288,105.064264774656,11.90979155513132,293.15000006890324
18.0,0.7942756925150486,0.11505758669413119,92.91760843919077,105.03903512229216,11.960869624670545,293.15000007614987
18.1,0.7961815765615734,0.11489604651663571,92.8456710035563,105.01379568154849,12.01191297944194,293.15000008415865
18.2,0.7980902481898855,0.1147342700674439,92.77379430741107,104.98854631760084,12.062922219508051,293.1500000930097
18.3,0.8000017012205727,0.11457225787031443,92.70197755147763,104.96328689765312,12.113897938725605,293.1500001027916
18.4,0.8019159294040713,0.11441001045495197,92.63021994559963,104.93801729093754,12.164840724745492,293.1500001136023
18.5,0.8038329264206661,0.11424752835700709,92.55852070874168,104.91273736871432,12.21575115901277,293.1500001255499
18.6,0.8057526858804899,0.11408481211807638,92.48687906898944,104.88744700427185,12.26662981676667,293.15000013875414
18.7,0.807675201323524,0.11392186228570235,92.41529426354954,104.86214607292665,12.31747726704059,293.15000015334704
18.8,0.8096004662195982,0.11375867941337352,92.34376553874971,104.83683445202342,12.368294072662103,293.1500001694747
18.9,0.8115284739683903,0.1135952640605243,92.2722921500386,104.81151202093493,12.419080790252941,293.1500001872985
19.0,0.8134592178994269,0.11343161679253513,92.20087336198594,104.78617866106215,12.46983797022902,293.1500002069969
19.1,0.8153926912720824,0.11326773818073235,92.12950844828248,104.76083425583414,12.520566156800413,293.1500002287669
19.2,0.8173288872755797,0.1131036288023883,92.05819669173994,104.73547869070812,12.571265887971366,293.15000025282654
19.3,0.8192677990289905,0.11293928924072129,91.98693738429108,104.71011185316945,12.621937695540298,293.15000027941653
19.4,0.8212094195812343,0.11277472008489557,91.91572982698972,104.68473363273162,12.672582105099792,293.15000030880304
19.5,0.823153741911079,0.11260992193002131,91.84457333001062,104.65934392093624,12.72319963603661,293.15000034128013
19.6,0.8251007589271413,0.11244489537715474,91.7734672126496,104.63394261135309,12.773790801531671,293.1500003771729
19.7,0.8270504634678855,0.11227964103329796,91.70241080332352,104.60852959958007,12.824356108560071,293.1500004168405
19.8,0.829002848301625,0.11211415951139905,91.6314034395702,104.58310478324321,12.87489605789108,293.15000046067996
19.9,0.8309579061265209,0.11194845143035212,91.56044446804852,104.5576680619967,12.925411144088125,293.1500005091301
20.0,0.8329156295705831,0.11178251741499713,91.48953324453836,104.53221933752283,12.975901855508813,293.1500005626758
20.1,0.8348760111916695,0.1116163580961201,91.41866913394061,104.50675851353206,13.026368674304917,293.15000062185294
20.2,0.8368390434774867,0.11144997411045293,91.34785151027721,104.481285495763,13.076812076422378,293.15000068725374
20.3,0.8388047188455893,0.11128336610067355,91.27707975669107,104.45580019198235,13.12723253160131,293.1500007595329
20.4,0.8407730296433804,0.1111165347154058,91.20635326544615,104.43030251198495,13.177630503375992,293.1500008394136
20.5,0.8427439681481115,0.11094948060921948,91.13567143792743,104.40479236759384,13.22800644907488,293.1500009276955
20.6,0.8447175265668823,0.11078220444263043,91.06503368464087,104.37926967266012,13.278360819820593,293.15000102526204
20.7,0.8466936970366408,0.11061470688210034,90.99443942521349,104.3537343430631,13.328694060529918,293.1500011330898
20.8,0.8486724716241836,0.11044698860003693,90.9238880883933,104.32818629671013,13.379006609913818,293.1500012522578
20.9,0.8506538423261553,0.11027905027479386,90.85337911204934,104.3026254535368,13.429298900477422,293.1500013839589
21.0,0.8526378010690492,0.11011089259067075,90.78291194317167,104.27705173550679,13.47957135852003,293.1500015295111
21.1,0.8546243397092066,0.1099425162379132,90.71248603787133,104.25146506661191,13.52982440413511,293.15000169037114
21.2,0.8566134500328174,0.10977392191271274,90.64210086138044,104.22586537287214,13.580058451210299,293.150001868149
21.3,0.8586051237559198,0.10960511031720686,90.5717558880521,104.20025258233552,13.630273907427407,293.15000206462383
21.4,0.860599352035102,0.10943608156941102,90.50145074365952,104.17462665601282,13.680471071785991,293.1500022817621
21.5,0.8625961258912088,0.10926683584698205,90.43118506557869,104.14898755787934,13.730650235202965,293.150002521737
21.6,0.8645954383130048,0.10909737575965607,90.36095790636699,104.1233351249254,13.78081210994008,293.15000278695027
21.7,0.8665972806314765,0.10892770194500768,90.2907687929457,104.0976692972647,13.830957066935486,293.1500030800562
21.8,0.8686016441074872,0.1087578150542925,90.22061725704638,104.07199001622465,13.881085473955267,293.1500034039883
21.9,0.8706085199317765,0.10858771575244718,90.15050283521097,104.04629722434629,13.931197695593397,293.15000376198867
22.0,0.87261789922496,0.10841740471808943,90.08042506879171,104.02059086538426,13.981294093271769,293.1500041576401
22.1,0.8746297730375301,0.10824688264351802,90.01038350395118,103.99487088430689,14.031375025240177,293.15000459490255
22.2,0.8766441323498546,0.1080761502347127,89.94037769166219,103.9691372272961,14.08144084657632,293.15000507815216
22.3,0.8786609680721786,0.10790520821133434,89.87040718770798,103.94338984174746,14.131491909185817,293.1500056122255
22.4,0.8806802710446231,0.10773405730672482,89.8004715526821,103.91762867627017,14.181528561802184,293.1500062024677
22.5,0.8827020320371851,0.107562698267907,89.73057035198835,103.89185368068708,14.231551149986853,293.150006854786
22.6,0.8847262417497382,0.10739113185558488,89.6607031558409,103.86606480603466,14.281560016129157,293.1500075757091
22.7,0.8867528908120325,0.10721935884414346,89.59086953926425,103.84026200456304,14.33155549944634,293.150008372452
22.8,0.888781969783694,0.10704738002164876,89.52106908209318,103.81444522973598,14.381537935983557,293.15000925298887
22.9,0.8908134691542249,0.10687519618984787,89.45130136897284,103.78861443623084,14.431507658613864,293.15001022613217
23.0,0.8928473793430044,0.10670280816416892,89.38156598935868,103.76276957993869,14.481464997038238,293.1500113016215
23.1,0.8948836906992875,0.10653021677372108,89.31186253751645,103.73691061796416,14.531410277785549,293.15001249022043
23.2,0.896922393502205,0.10635742286129456,89.24219061252224,103.71103750862554,14.58134382421258,293.1500138038247
23.3,0.8989634779607654,0.10618442728336061,89.17254981826248,103.68515021145478,14.63126595650403,293.1500152555812
23.4,0.9010069342138519,0.10601123091007152,89.1029397634339,103.65924868719745,14.681176991672494,293.1500168600193
23.5,0.9030527523302251,0.1058378346252606,89.03336006154353,103.63333289781275,14.731077243558484,293.1500186331964
23.6,0.9051009223085216,0.10566423932644227,88.96381033090879,103.60740280647353,14.780967022830419,293.1500205928587
23.7,0.9071514340772542,0.10549044592481192,88.89429019465733,103.58145837756628,14.830846636984619,293.1500227586187
23.8,0.9092042774948119,0.10531645534524603,88.82479928072719,103.55549957669109,14.88071639034532,293.1500251521515
23.9,0.9112594423494601,0.10514226852630208,88.75533722186671,103.52952637066171,14.930576584064662,293.15002779741167
24.0,0.9133169183593407,0.10496788642021862,88.68590365563455,103.50353872750557,14.980427516122694,293.15003072087296
24.1,0.9153766951724718,0.10479330999291524,88.61649822439968,103.47753661646364,15.030269481327373,293.1500339517935
24.2,0.9174387623667475,0.10461854022399257,88.54712057534141,103.45152000799061,15.080102771314566,293.15003752250794
24.3,0.9195031094499386,0.10444357810673227,88.47777036044937,103.42548887375479,15.129927674548044,293.15004146875185
24.4,0.921569725859692,0.10426842464809707,88.40844723652349,103.39944318663808,15.17974447631949,293.1500458300186
24.5,0.9236386009635309,0.1040930808687307,88.33915086517403,103.37338292073606,15.229553458748493,293.1500506499549
24.6,0.9257097240588549,0.10391754780295796,88.2698809128216,103.34730805135796,15.27935490078255,293.1500559767975
24.7,0.9277830843729395,0.10374182649878472,88.20063705069711,103.32121855502659,15.329149078197068,293.15006186385585
24.8,0.9298586710629374,0.1035659180178978,88.13141895484176,103.29511440947843,15.378936263595358,293.1500683700454
24.9,0.9319364732158765,0.10338982343566518,88.06222630610714,103.2689955936636,15.428716726408643,293.1500755604772
25.0,0.9340164798486619,0.10321354384113578,87.99305879015508,103.24286208774589,15.478490732896056,293.15008350710923
25.1,0.9360986799080744,0.10303708033703962,87.92391609745779,103.21671387310262,15.52825854614463,293.15009228946644
25.2,0.9381830622707712,0.10286043403978776,87.85479792329781,103.19055093232485,15.578020426069308,293.1501019954364
25.3,0.9402696157432863,0.10268360607947226,87.78570396776793,103.16437324921725,15.627776629412953,293.1501127221482
25.4,0.9423583290620292,0.10250659759986627,87.71663393577133,103.13818080879808,15.677527409746318,293.1501245769447
25.5,0.9444491908932865,0.10232940975842396,87.64758753702151,103.1119735972993,15.727273017468082,293.15013767845556
25.6,0.9465421898332202,0.10215204372628053,87.57856448604221,103.08575160216647,15.777013699804817,293.1501521577845
25.7,0.9486373144078697,0.10197450068825226,87.50956450216762,103.0595148120588,15.826749700811007,293.15016815982017
25.8,0.9507345530731498,0.10179678184283644,87.44058730954212,103.03326321684911,15.876481261369054,293.1501858446855
25.9,0.9528338942148518,0.1016188884022114,87.37163263712053,103.0069968076239,15.926208619189254,293.1502053893388
26.0,0.9549351603560878,0.10144078123374498,87.30270895973514,102.98071984988279,15.975922538627637,293.1502269893435
26.1,0.9570384149750073,0.10126247975210209,87.23381211531911,102.95443041845867,16.02562748615562,293.1502508608234
26.2,0.959143823805685,0.10108402849588947,87.16493248559341,102.92812393136131,16.075333832859716,293.1502772426236
26.3,0.9612513640205873,0.1009054262253119,87.09607036942786,102.90180065837589,16.125041203580153,293.15030639869804
26.4,0.9633610133720177,0.10072667190075338,87.02722603690484,102.87546085422923,16.17474925593505,293.1503386207481
26.5,0.9654727501921166,0.10054776468277701,86.95839972931924,102.84910475858985,16.22445768032043,293.1503742311375
26.6,0.9675865533928616,0.1003687039321252,86.88959165917848,102.82273259606788,16.27416619991023,293.1504135861142
26.7,0.969702402466067,0.10018948920971948,86.82080201020251,102.79634457621518,16.32387457065628,293.15045707936923
26.8,0.9718202774833847,0.10001012027666055,86.75203093732382,102.76994089352524,16.373582581288325,293.15050514596953
26.9,0.9739401590963032,0.09983059709422837,86.68327856668745,102.74352172743326,16.423290053314002,293.1505582667031
27.0,0.9760620285361482,0.09965091982388198,86.61454499565089,102.71708724231601,16.47299684101887,293.1506169728799
27.1,0.9781858676140824,0.0994710888272597,86.54583029278425,102.69063758749202,16.522702831466376,293.1506818516354
27.2,0.9803116587211055,0.09929110466617905,86.47713449787008,102.66417289722142,16.572407944497876,293.1507535517903
27.3,0.9824393848280543,0.09911096810263662,86.40845762190355,102.63769329070608,16.62211213273264,293.1508327903239
27.4,0.9845690294856027,0.0989306800988083,86.33979964709229,102.61119887208945,16.67181538156782,293.1509203595248
27.5,0.9867005768242616,0.09875024181704913,86.27116052685648,102.5846897304567,16.721517709178507,293.15101713489025
27.6,0.9888340115543791,0.09856965461989334,86.20254018582884,102.55816593983467,16.771219166517664,293.15112408385113
27.7,0.9909693189661398,0.09838892007005431,86.1339385198546,102.53162755919182,16.820919837316172,293.1512422754092
27.8,0.993106484929566,0.09820803993042469,86.06535539599155,102.50507463243832,16.870619838082817,293.15137289078046
27.9,0.9952454958945165,0.09802701616407625,85.99679065250996,102.47850718842601,16.920319318104287,293.1515172351501
28.0,0.9973863388906877,0.09784585093425995,85.92824409889268,102.45192524094833,16.97001845944518,293.1516767506523
28.1,0.9995290015276126,0.09766454660440596,85.85971551583502,102.42532878874046,17.019717476947985,293.15185303070314
28.2,1.0016734719946614,0.09748310573812366,85.79120465524491,102.39871781547922,17.069416618233113,293.15204783582493
28.3,1.0038197390610413,0.09730153109920155,85.72271124024275,102.37209228978307,17.119116163698866,293.15226311111616
28.4,1.0059677920757966,0.09711982565160737,85.65423496516145,102.34545216521215,17.168816426521456,293.1525010055354
28.5,1.0081176209678084,0.09693799255948804,85.58577549554651,102.31879738026832,17.218517752655,293.1527638931846
28.6,1.0102692162457954,0.09675603518716966,85.51733246815591,102.29212785839502,17.268220520831516,293.15305439679713
28.7,1.0124225689983126,0.09657395709915752,85.44890549096019,102.26544350797741,17.317925142560927,293.1533754136531
28.8,1.0145776708937528,0.09639176206013607,85.38049414314239,102.23874422234229,17.36763206213107,293.1537301441692
28.9,1.0167345141803452,0.09620945403496903,85.31209797509808,102.21202987975815,17.417341756607666,293.154122123432
29.0,1.0188930916861567,0.09602703718869919,85.2437165084354,102.1853003434351,17.467054735834363,293.15455525597196
29.1,1.0210533968190907,0.09584451588654862,85.17534923597496,102.158555461525,17.5167715424327,293.1550338541004
29.2,1.0232154235668873,0.09566189469391854,85.10699562174995,102.13179506712127,17.566492751802123,293.1555626801643
29.3,1.025379166497125,0.09547917837638938,85.03865510100607,102.10501897825908,17.616218972119988,293.15614699310635
29.4,1.0275446207572179,0.09529637189972072,84.97032708020151,102.07822699791521,17.66595084434154,293.1567925997521
29.5,1.0297117820744177,0.09511348042985134,84.90201093700706,102.05141891400815,17.71568904219995,293.15750591128364
29.6,1.0318806467558135,0.09493050933289923,84.83370602030598,102.02459449939802,17.765434272206278,293.1582940054009
29.7,1.034051211688331,0.09474746417516157,84.76541165019408,101.99775351188663,17.815187273649492,293.15916469471244
29.8,1.036223474338733,0.0945643507231147,84.69712711797973,101.97089569421745,17.864948818596464,293.16012660194525
29.9,1.0383974327536196,0.09438117494341412,84.62885168618376,101.94402077407561,17.91471971189198,293.1611892426064
30.0,1.0405730855594273,0.09419794300289461,84.56058458853957,101.9171284640879,17.964500791158713,293.16236311578314
30.1,1.0427504319624306,0.09401466126857005,84.4923250299931,101.89021846182277,18.014292926797257,293.16365980381505
30.2,1.04492947174874,0.09383133630763356,84.4240721867028,101.86329044979036,18.064097021986093,293.1650920816235
30.3,1.0471102052843042,0.09364797488745741,84.35582520603964,101.83634409544248,18.11391401268163,293.166674036537
30.4,1.0492926335149078,0.0934645839755931,84.28758320658716,101.80937905117258,18.163744867618156,293.1684211994972
30.5,1.051476757966173,0.09328117073977125,84.21934527814136,101.78239495431578,18.213590588307888,293.17035068857945
30.6,1.0536625807435591,0.09309774254790176,84.15111048171083,101.75539142714888,18.263452209040924,293.1724813658047
30.7,1.0558501045323625,0.09291430696807364,84.08287784951665,101.72836807689032,18.313330796885282,293.1748340082503
30.8,1.0580393325977162,0.09273087176855511,84.01464638499246,101.70132449570023,18.36322745168688,293.1774314944972
30.9,1.0602302687845908,0.09254744491779361,83.94641506278441,101.6742602606804,18.413143306069536,293.1802990074579
31.0,1.0624229175177933,0.09236403458441571,83.87818282875119,101.6471749338743,18.463079525434985,293.1834642546214
31.1,1.0646172838019685,0.09218064913722722,83.80994859996397,101.62006806226701,18.513037307962854,293.1869577067214
31.2,1.0668133732215976,0.09199729714521311,83.74171126470654,101.59293917778534,18.56301788461068,293.1908128557658
31.3,1.0690111919409993,0.09181398737753753,83.67346968247514,101.56578779729776,18.6130225191139,293.1950664932642
31.4,1.0712107467043286,0.09163072880354385,83.60522268397858,101.53861342261435,18.66305250798586,293.1997590093345
31.5,1.0734120448355788,0.0914475305927546,83.53696907113817,101.5114155404869,18.71310918051781,293.20493471315297
31.6,1.0756150942385792,0.09126440211487148,83.46870761708776,101.48419362260886,18.763193898778905,293.21064217492136
31.7,1.0778199033969962,0.09108135293977543,83.40043706617375,101.45694712561536,18.8133080576162,293.2169345891383
31.8,1.0800281420251263,0.0908981889989594,83.3320722539018,101.42963608172784,18.863539767276603,293.22387015846635
31.9,1.0822493154148531,0.09071377096573256,83.26313431876709,101.40203496040597,18.914384698381163,293.2315124968572
32.0,1.0844685449924125,0.09052995247400987,83.19437507530363,101.37449674670496,18.965066333295507,293.2399310498104
32.1,1.0866863266581808,0.09034668966522591,83.12576787551134,101.34700918681669,19.01561204877391,293.24920152867037
32.2,1.088903146710112,0.09016394168582553,83.05728656500338,101.31956019736707,19.06604883456632,293.2594063546806
32.3,1.0911194818437358,0.08998167068726384,82.98890548300604,101.29213786541598,19.116403293418355,293.2706351070883
32.4,1.0933357991521595,0.0897998418260062,82.92059946235882,101.26473044845731,19.166701641071334,293.2829849678843
32.5,1.095552556126066,0.08961842326352831,82.85234382951441,101.23732637441891,19.216969706262233,293.2965611537568
32.6,1.0977702006537158,0.08943738616631612,82.78411440453867,101.20991424166269,19.26723293072371,293.3114773234922
32.7,1.0999891710209453,0.08925670470586587,82.71588750111069,101.18248281898448,19.317516369184105,293.3278559463632
32.8,1.1022098959111672,0.0890763560586841,82.64763992652269,101.15502104561415,19.367844689367427,293.3458286139838
32.9,1.1044327944053722,0.08889632040628753,82.57934898168011,101.12751803121554,19.41824217199337,293.3655362747054
33.0,1.1066582759821264,0.08871658093520332,82.51099246110158,101.09996305588652,19.46873271077731,293.3871293658878
33.1,1.1088867405175726,0.08853712383696877,82.4425486529189,101.07234557015894,19.519339812430285,293.4107678153921
33.2,1.1111185782854305,0.08835793830813152,82.37399633887708,101.04465519499861,19.570086596659028,293.43662087949434
33.3,1.1133541699569967,0.08817901655024953,82.3053147943343,101.01688172180539,19.62099579616593,293.464866780285
33.4,1.1155938866011434,0.08800035376989093,82.23648378826188,100.98901511241307,19.67208975664908,293.4956921017167
33.5,1.117838089684321,0.08782194817863422,82.16748358324445,100.96104549908951,19.723390436802227,293.5292909001062
33.6,1.1200871310705547,0.08764380099306815,82.0982949354797,100.93296318453649,19.774919408314815,293.5658634824696
33.7,1.1223413530214474,0.08746591643479176,82.0288990947786,100.90475864188983,19.82669785587195,293.60561480507425
33.8,1.1246010881961783,0.08728830173041438,81.95927780456522,100.87642251471935,19.878746577154413,293.6487524455984
33.9,1.1268666596515038,0.08711096711155558,81.88941330187691,100.84794561702884,19.931085982838685,293.69548410597804
34.0,1.1291383808417559,0.08693392581484526,81.81928831736414,100.8193189332561,19.983736096596903,293.7460146101106
34.1,1.1314165556188438,0.08675719408192355,81.7488860752906,100.7905336182729,20.036716555096895,293.80054237181497
34.2,1.1337014782322534,0.08658079115944087,81.67819029353315,100.76158099738505,20.09004660800215,293.85925532450244
34.3,1.1359934333290467,0.086404739299058,81.60718518358185,100.73245256633231,20.143745117971854,293.92232632541766
34.4,1.1382926959538628,0.08622906375744584,81.53585545053993,100.70313999128845,20.197830560660854,293.98990807433034
34.5,1.1405995315489172,0.08605379279628572,81.46418629312382,100.67363510886122,20.252321024719688,294.06212761903174
34.6,1.142914195954002,0.0858789576822692,81.39216340366312,100.64392992609243,20.30723421179456,294.1390805572071
34.7,1.145236935406486,0.08570459268709808,81.31977296810065,100.61401662045778,20.36258743652736,294.2208250847872
34.8,1.1475679865413142,0.08553073508748452,81.24700166599239,100.58388753986706,20.418397626555645,294.3073760825049
34.9,1.149907576391009,0.08535742516515087,81.17383667050751,100.55353520266398,20.474681322512666,294.39869947202436
35.0,1.1522559223856688,0.08518470620682982,81.1002656484284,100.52295229762632,20.53145467802734,294.49470710684994
35.1,1.1546132323529685,0.0850126245042643,81.02627676015058,100.49213168396578,20.588733459724263,294.595252486875
35.2,1.1569797045181605,0.0848412293542076,80.9518586596828,100.4610663913281,20.646533047223702,294.7001275943619
35.3,1.1593555275040723,0.08467057305842318,80.87700049464698,100.42974961979301,20.704868433141616,294.80906113915916
35.4,1.1617408803311096,0.08450071092368487,80.80169190627822,100.39817473987422,20.763754223089634,294.921718468871
35.5,1.1641359324172538,0.08433170126177672,80.72592302942483,100.36633529251944,20.823204635675058,295.0377033439907
35.6,1.1665408435780629,0.08416360538949308,80.6496844925483,100.33422498911037,20.88323350250088,295.1565616994377
35.7,1.168955764026672,0.0839964876286386,80.57296741772328,100.30183771146271,20.94385426816575,295.2777874159417
35.8,1.171380834373792,0.08383041530602818,80.49576342063766,100.26916751182618,21.00507999026401,295.4008300134376
35.9,1.1738161856277112,0.08366545875348702,80.41806461059244,100.23620861288444,21.066923339385685,295.5251040626053
36.0,1.1762619391942943,0.08350169130785058,80.3398635905019,100.20295540775518,21.12939659911646,295.65
36.1,1.1787182068769826,0.08333918931096465,80.26115345689344,100.1694024599901,21.192511666037714,295.77489593739466
36.2,1.1811850908767938,0.0831780321096852,80.18192779990765,100.13554450357486,21.256280049726485,295.89916998656236
36.3,1.183662683792322,0.08301830205587862,80.10218070329834,100.10137644292912,21.3207128727555,296.02221258405825
36.4,1.1861510686197392,0.08286008450642145,80.02190674443251,100.06689335290655,21.385820870693177,296.14343830056225
36.5,1.1886503187527917,0.08270346782320055,79.9411009942903,100.0320904787948,21.451614392103586,296.26229665600926
36.6,1.191160497982805,0.08254854337311313,79.85975901746508,99.99696323631554,21.518103398546486,296.37828153112895
36.7,1.193681660498679,0.08239540552806657,79.77787687216336,99.96150721162438,21.58529746457732,296.4909388608408
36.8,1.1962138508868916,0.08224415166497862,79.69545111020493,99.92571816131101,21.653205777747186,296.59987240563805
36.9,1.198757104131497,0.08209488216577723,79.61247877702264,99.88959201239904,21.721837138602893,296.70474751312497
37.0,1.2013114456141256,0.08194770041740072,79.52895741166265,99.85312486234608,21.791199960686903,296.80529289315
37.1,1.203876891113985,0.0818027128117976,79.4448850467842,99.81631297904377,21.86130227053736,296.9013005279756
37.2,1.206453446807859,0.08166002874592675,79.3602602086598,99.77915280081774,21.932151707688092,296.99262391749505
37.3,1.2090411092701077,0.08151976062175725,79.2750819171751,99.74164093642759,22.003755524668588,297.0791749152128
37.4,1.2116398654726683,0.08138202384626848,79.18934968582896,99.70377416506695,22.07612058700404,297.1609194427929
37.5,1.2142496927850552,0.08124693683145015,79.10306352173342,99.66554943636338,22.149253373215302,297.2378723809682
37.6,1.216870558974358,0.08111462099430217,79.01622392561369,99.62696387037852,22.223159974818905,297.3100919256696
37.7,1.2195028760536224,0.08098556883292118,78.9288057143034,99.58801408610447,22.297850159631377,297.3776736745823
37.8,1.2221430344586668,0.08085975694805797,78.84107881477621,99.54884518798254,22.37298642129424,297.4407446754975
37.9,1.2247901637144338,0.08073722441347599,78.75311024275723,99.50948968024471,22.44849186135437,297.499457628185
38.0,1.2274441170837798,0.08061814664479078,78.66491580681895,99.46995626680021,22.524345512974616,297.55398538988936
38.1,1.2301047595073158,0.08050269658141418,78.57651082026621,99.43025335066838,22.600527040523154,297.6045158940219
38.2,1.232771967603408,0.08039104468655432,78.48791010113604,99.3903890339787,22.67701673957348,297.65124755440155
38.3,1.2354456296681773,0.08028335894721564,78.39912797219777,99.35037111797082,22.753795536904395,297.6943851949257
38.4,1.2381256456754999,0.0801798048741988,78.31017826095292,99.31020710299454,22.830844990500022,297.7341365175304
38.5,1.240811927277007,0.08008054550210092,78.22107429963536,99.26990418850974,22.908147289549802,297.77070909989374
38.6,1.2435043978020843,0.07998574138931526,78.13182892521117,99.22946927308654,22.985685254448477,297.80430789828324
38.7,1.246202992257873,0.07989555061803146,78.04245447937866,99.18890895440506,23.063442336796115,297.835133219715
38.8,1.2489076573292688,0.07981012879423544,77.95296280856849,99.14822952925577,23.141402619398086,297.8633791205056
38.9,1.2516183513789223,0.07972962904770942,77.86336526394346,99.10743699353905,23.219550816265095,297.88923218460786
39.0,1.25433504444724,0.0796542020320319,77.77367270139874,99.06653704226562,23.29787227261315,297.91287063411215
39.1,1.257057718252382,0.07958399592457771,77.68389548156166,99.0255350695562,23.376352964863564,297.93446372529456
39.2,1.2597863661902646,0.07951915642651795,77.59404346979188,98.98443616864174,23.45497950064298,297.9541713860161
39.3,1.2625209933345578,0.07945982676282004,77.5041260361813,98.9432451318633,23.533739118783345,297.9721440536368
39.4,1.2652616164366879,0.07940614768224769,77.41415205555408,98.90196645067208,23.612619689321928,297.9885226765077
39.5,1.2680082639258354,0.07935825745736091,77.32412990746661,98.86060431562942,23.69160971350131,298.00343884624317
39.6,1.2707609759089353,0.07931629188451597,77.23406747620756,98.8191626164068,23.770698323769388,298.01701503211564
39.7,1.273519804170679,0.07928038428386554,77.14397215079786,98.7776449417859,23.84987528377937,298.02936489291164
39.8,1.276284812173511,0.07925066549935846,77.05385082499072,98.73605457965844,23.929130988389772,298.04059364531935
39.9,1.2790560750576327,0.07922726389873995,76.96370989727154,98.69439451702635,24.008456463664444,298.0507984713296
40.0,1.281833679640999,0.07921030537355152,76.87355527085806,98.65266744000171,24.087843366872534,298.06006895018953
40.1,1.2846177244193204,0.07919991333913094,76.78339235370024,98.61087573380672,24.167283986488513,298.06848750314276
40.2,1.2874083195660624,0.07919620873461235,76.69322605848028,98.5690214827737,24.24677124219216,298.0761298415336
40.3,1.2902055869324447,0.07919931002292609,76.60306080261267,98.52710647034517,24.326298684868565,298.08306541086165
40.4,1.2930096600474432,0.0792093331907989,76.51290050824416,98.48513217907373,24.405860496608156,298.0893578250786
40.5,1.295820684117788,0.07922639174875372,76.42274860225373,98.44309979062216,24.485451490706648,298.095065286847
40.6,1.2986388160279638,0.07925059673110989,76.33260801625262,98.40101018576337,24.565067111665083,298.10024099066544
40.7,1.3014642243402115,0.07928205669598296,76.24248118658439,98.35886394438043,24.644703435189818,298.10493350673573
40.8,1.3042970892945251,0.0793208777252848,76.15237005432476,98.31666134546654,24.724357168192515,298.10918714423417
40.9,1.3071376028086557,0.07936716342472365,76.06227606528178,98.27440236712502,24.80402564879017,298.11304229327857
41.0,1.3099859684781079,0.07942101492380395,75.97220016999574,98.23208668656937,24.883706846305074,298.11653574537854
41.1,1.3128424015761415,0.07948253087582648,75.88214282373919,98.18971368012323,24.963399361264845,298.11970099254205
41.2,1.3157071290537716,0.07955180745788831,75.79210398651692,98.14728242322033,25.043102425402402,298.1225685055027
41.3,1.318580389539768,0.07962893837088285,75.70208312306602,98.10479169040462,25.122815901655994,298.12516599174967
41.4,1.3214624333406557,0.07971401483949973,75.6120792028558,98.06223995533013,25.202540284169174,298.12751863419527
41.5,1.3243535224407146,0.07980712561222497,75.5220907000878,98.01962539076108,25.282276698290822,298.1296493114205
41.6,1.3272539305019793,0.07990835696134081,75.43211559369591,97.97694586857176,25.362026900575117,298.1315788005028
41.7,1.3301639428642396,0.08001779268292582,75.34215136734622,97.9341989597467,25.44179327878156,298.13332596346294
41.8,1.3330838565450396,0.08013551409685485,75.25219500943707,97.8913819343805,25.52157885187496,298.1349079183764
41.9,1.3360139725099738,0.08026161318395421,75.16224254538747,97.84849163256824,25.60138777373537,298.1363401961849
42.0,1.3389542539648855,0.08039644858017016,75.07228319724656,97.80552589793257,25.681228321924078,298.1376368842168
42.1,1.3419051396957444,0.08053957313581968,74.98233616529494,97.76249117457536,25.761076063091433,298.13881075739357
42.2,1.344866935072594,0.08069105134534646,74.89239996118772,97.71938561588104,25.840931631844313,298.1398733980547
42.3,1.347839944341235,0.08085093885599211,74.80247309125467,97.6762073764169,25.920795674822052,298.1408353052875
42.4,1.3508244706232286,0.08101928246779617,74.71255405650007,97.63295461193307,26.000668850696467,298.1417059945991
42.5,1.3538208159158927,0.08119612013359606,74.62264135260278,97.5896254793625,26.08055183017182,298.1424940887163
42.6,1.3568292810923035,0.08138148095902716,74.53273346991625,97.54621813682101,26.160445295984854,298.14320740024783
42.7,1.3598501659012956,0.08157538520252268,74.44282889346849,97.50273074360724,26.240349942904764,298.1438530068936
42.8,1.3628837689674622,0.0817778442753138,74.35292610296206,97.45916146020271,26.320266477733213,298.1444373198357
42.9,1.365930387791155,0.08198886074142966,74.26302357277407,97.4155084482717,26.40019561930435,298.14496614589956
43.0,1.3689903187484826,0.08220842831769723,74.17311977195627,97.3717698706614,26.48013809848475,298.145444744028
43.1,1.3720638570913137,0.0824365318737414,74.0832131642349,97.3279438914018,26.560094658173497,298.14587787656797
43.2,1.3751512969472737,0.08267314743198503,73.99330220801082,97.28402867570577,26.640066053302103,298.1462698558308
43.3,1.3782529313197467,0.0829182421676488,73.90338535635944,97.24002238996898,26.72005305083457,298.14662458634683
43.4,1.3813690520878756,0.08317177440875143,73.8134610570307,97.19592320176997,26.800056429767356,298.1469456032028
43.5,1.3844999500065613,0.08343369363610945,73.72352775244917,97.1517292798701,26.880076981129395,298.14723610681534
43.6,1.3876459147064626,0.08370394048333732,73.63358387971395,97.10743879421359,26.96011550798207,298.14749899446457
43.7,1.3908072346939968,0.08398244673684745,73.54362787059871,97.06304991592746,27.040172825419234,298.1477368888838
43.8,1.393984197351339,0.08426913533585009,73.45365815155174,97.01856081732164,27.12024976056721,298.147952164175
43.9,1.3971770889364237,0.08456392037235352,73.36367314369578,96.97396967188882,27.200347152584786,298.1481469692968
44.0,1.400386194582943,0.08486670709116384,73.27367126282826,96.9292746543046,27.280465852663223,298.14832324934764
44.1,1.4036117983003464,0.08517739188988507,73.1836509194211,96.88447394042736,27.36060672402623,298.14848276484986
44.2,1.406854182973843,0.08549586231891917,73.09361051862084,96.83956570729836,27.44077064192999,298.1486271092195
44.3,1.4101136303643993,0.08582199708146598,73.00354846024855,96.7945481331417,27.520958493663148,298.1487577245908
44.4,1.413390421108741,0.08615566603352333,72.91346313879986,96.7494193973643,27.60117117854683,298.1488759161488
44.5,1.4166848347193506,0.08649673018388686,72.823352943445,96.70417768055593,27.681409607934615,298.1489828651097
44.6,1.41999714958447,0.08684504169415018,72.73321625802879,96.65882116448921,27.761674705212542,298.1490796404752
44.7,1.4233276429680997,0.0872004438787048,72.64305146107053,96.61334803211957,27.841967405799124,298.1491672096761
44.8,1.4266765910099966,0.08756277120474013,72.55285692576416,96.56775646758533,27.922288657145334,298.1492464482097
44.9,1.4300442687256776,0.08793184929224354,72.46263101997816,96.52204465620758,28.00263941873462,298.14931814836456
45.0,1.4334309500064173,0.08830749491400026,72.37237210625558,96.47621078449032,28.083020662082884,298.14938302712005
45.1,1.4368369076192486,0.08868951599559347,72.28207854181407,96.43025304012035,28.163433370738503,298.14944173329684
45.2,1.4402624132069628,0.0890777116154042,72.1917486785458,96.38416961196732,28.243878540282317,298.1494948540304
45.3,1.4437077372881084,0.08947187200461146,72.10138086301752,96.33795869008374,28.324357178327617,298.1495429206307
45.4,1.447173149256994,0.08987177854719218,72.01097343647058,96.29161846570491,28.404870304520188,298.14958641388574
45.5,1.450658917383685,0.09027720377992113,71.92052473482082,96.24514713124903,28.48541895053826,298.14962576886245
45.6,1.4541653088140054,0.09068791139237106,71.83003308865875,96.19854288031709,28.566004160092533,298.1496613792519
45.7,1.4576925895695378,0.0911036562269126,71.73949682324938,96.15180390769297,28.646626988926165,298.1496936013019
45.8,1.4612410245476226,0.09152418427871425,71.6489142585323,96.10492840934333,28.72728850481479,298.14972275737637
45.9,1.464810877521359,0.09194923269574255,71.55828370912167,96.05791458241771,28.80798978756652,298.14974913917655
46.0,1.468402411139604,0.09237852977876186,71.46760348430622,96.0107606252485,28.888731929021898,298.1497730106565
46.1,1.4720158869269728,0.09281179498133442,71.37687188804925,95.96346473735089,28.96951603305396,298.14979461066116
46.2,1.4756515974450386,0.09324825276683851,71.28608633915155,95.91602467524454,29.050344008583647,298.14981415531446
46.3,1.479309715998246,0.09368761820067364,71.19524444026756,95.86843873771905,29.13121801112081,298.1498318401798
46.4,1.4829903305108116,0.09413067102186382,71.10434623981484,95.82070645801997,29.212137939085437,298.1498478422155
46.5,1.4866936232070986,0.09457704021622507,71.013390113923,95.77282639872496,29.293105061784456,298.1498623215444
46.6,1.4904197676782032,0.09502635806625959,70.92237447069458,95.72479717071865,29.374120641302408,298.1498754230553
46.7,1.4941689288819526,0.09547826015115592,70.83129775020527,95.67661743319273,29.455185932501465,298.14988727785175
46.8,1.4979412631429074,0.09593238534678873,70.74015842450372,95.62828589364592,29.53630218302137,298.14989800456357
46.9,1.5017369181523603,0.09638837582571905,70.64895499761165,95.57980130788397,29.617470633279517,298.1499077105335
47.0,1.5055560329683348,0.09684587705719397,70.55768600552378,95.53116248001963,29.69869251647086,298.1499164928907
47.1,1.509398738015588,0.097304537807147,70.46635001620788,95.48236826247272,29.779969058567996,298.14992443952275
47.2,1.5132651550856082,0.09776401013819773,70.37494562960477,95.43341755597007,29.861301478321106,298.14993162995455
47.3,1.5171553973366159,0.098223949409652,70.28347147762827,95.38430930954556,29.942690987257983,298.1499381361441
47.4,1.5210695692935645,0.09868401427750202,70.19192622416524,95.33504252054003,30.024138789684038,298.14994402320247
47.5,1.5250077668481388,0.09914386669442607,70.1003085650756,95.28561623460145,30.10564608268227,298.14994935004506
47.6,1.5289700772587564,0.09960317190978876,70.00861722819226,95.23602954568477,30.187214056113305,298.14995416998136
47.7,1.532956579150566,0.10006159846964086,69.9168509733212,95.18628159605193,30.268843892615347,298.1499585312481
47.8,1.536967342515449,0.1005188182167194,69.82500859224143,95.13637157627198,30.350536767604236,298.149962477492
47.9,1.5410024287120194,0.1009745062904477,69.73308890870496,95.08629872522093,30.4322938492734,298.14996604820647
48.0,1.5450618904656233,0.10142834112693525,69.64109077843688,95.03606233008186,30.51411629859389,298.149969279127
48.1,1.5491457718683375,0.10188000445897774,69.54901308913524,94.98566172634487,30.596005269314343,298.1499722025883
48.2,1.5532541083789726,0.10232918131605719,69.45685476047122,94.93509629780709,30.677961907961013,298.14997484784845
48.3,1.5573869268230704,0.10277556002434172,69.36461474408898,94.88436547657268,30.75998735383776,298.14997724138124
48.4,1.5615442453929056,0.10321883220668586,69.27229202360569,94.8334687430528,30.842082739026058,298.14997940714125
48.5,1.5657260736474843,0.10365869278263022,69.17988561461156,94.78240562596571,30.92424918838497,298.14998136680356
48.6,1.5699324125125451,0.1040948399684017,69.0873945646699,94.7311757023366,31.006487819551186,298.14998313998063
48.7,1.5741632542805586,0.10452697527691342,68.994817953317,94.67977859749779,31.08879974293898,298.14998474441876
48.8,1.5784185826107275,0.10495480351776469,68.90215489206216,94.62821398508858,31.171186061740247,298.14998619617523
48.9,1.582698372528987,0.10537803279724119,68.80940452438774,94.57648158705527,31.253647871924493,298.1499875097795
49.0,1.5870025904280038,0.10579637451831468,68.71656602574916,94.52458117365126,31.33618626223882,298.1499886983785
49.1,1.5913311940671777,0.10620954338064324,68.62363860357482,94.47251256343692,31.418802314207937,298.1499897738678
49.2,1.5956841325726394,0.10661725738057115,68.53062149726618,94.4202756232797,31.501497102134167,298.1499907470111
49.3,1.6000613464372522,0.10701923781112888,68.43751397819777,94.36787026835403,31.58427169309742,298.14999162754793
49.4,1.6044627675206125,0.10741520926203323,68.34431534971706,94.31529646214138,31.667127146955245,298.1499924242909
49.5,1.6088883190490477,0.10780489961968717,68.25102494714463,94.26255421643027,31.750064516342782,298.14999314521395
49.6,1.6133379156156176,0.1081880400671799,68.15764213777406,94.20964359131627,31.833084846672758,298.14999379753226
49.7,1.6178114631801142,0.10856436508428687,68.064166320872,94.1565646952019,31.916189176135536,298.1499943877744
49.8,1.6223088590690615,0.10893361244746974,67.97059692767809,94.10331768479679,31.999378535699062,298.1499949218478
49.9,1.626829991975716,0.10929552322987643,67.87693342140501,94.04990276511758,32.08265394910891,298.1499954050974
50.0,1.6313747419600662,0.10964984180134107,67.78317529723847,93.9963201894879,32.166016432888256,298.14999584235983
50.1,1.6359429804488326,0.10999631582838407,67.68932208233726,93.94257025953846,32.24946699633786,298.14999623801134
50.2,1.6405345702354677,0.11033469627421197,67.59537333583313,93.88865332520696,32.33300664153611,298.14999659601165
50.3,1.6451493654801561,0.11066473739871761,67.50132864883093,93.83456978473815,32.416636363338995,298.14999691994376
50.4,1.6497872117098151,0.11098619675848011,67.4071876444085,93.78032008468382,32.50035714938012,298.1499972130497
50.5,1.6544486764752706,0.11129885522378746,67.31294829137993,93.72590074034322,32.584170022809474,298.14999747826295
50.6,1.6591330503073978,0.1116025330431005,67.21861176253292,93.6713153444242,32.66807561424976,298.14999771823784
50.7,1.6638397500270439,0.11189704138498903,67.1241788064797,93.61656671963979,32.752074761137365,298.1499979353761
50.8,1.6685686014517018,0.11218220163439879,67.0296492021347,93.56165544295867,32.8361683675815,298.14999813185096
50.9,1.6733194251252672,0.11245784383958123,66.93502275902185,93.50658212538326,32.92035732093945,298.1499983096288
51.0,1.678092036318035,0.11272380671209338,66.8402993172746,93.45134741194973,33.00464249181646,298.14999847048887
51.1,1.682886245026701,0.11297993762679798,66.74547874763599,93.39595198172786,33.089024734065795,298.14999861604105
51.2,1.6877018559743633,0.11322609262186342,66.65056095145856,93.34039654782121,33.17350488478873,298.14999874774213
51.3,1.6925386686105188,0.11346213639876372,66.55554586070443,93.28468185736703,33.25808376433454,298.14999886691015
51.4,1.6973964771110672,0.1136879423222786,66.4604334379452,93.22880869153624,33.34276217630053,298.1499989747379
51.5,1.7022750703783085,0.11390339242049342,66.36522367636205,93.17277786553346,33.427540907532006,298.14999907230447
51.6,1.7071742320409427,0.11410837738479919,66.26991659974571,93.11659022859709,33.51242072812226,298.14999916058633
51.7,1.712093740454072,0.11430279656989258,66.17451226249642,93.06024666399918,33.59740239141262,298.1499992404671
51.8,1.7170333686991979,0.11448655799377588,66.07901074962398,93.00374808904544,33.68248663399241,298.1499993127462
51.9,1.7219928845842243,0.11465957833775713,65.98341217674768,92.94709545507536,33.767674175698964,298.149999378147
52.0,1.7269720506434554,0.11482178294644994,65.88771669009641,92.89028974746208,33.852965719617636,298.14999943732414
52.1,1.7319706241375965,0.11497310582777368,65.79192446650859,92.83333198561252,33.93836195208177,298.14999949086985
52.2,1.7369883570537532,0.1151134896529532,65.69603571343212,92.77622322296719,34.02386354267273,298.14999953932
52.3,1.742024996105432,0.11524288575651921,65.60005066892455,92.71896454700041,34.109471144219874,298.14999958315946
52.4,1.747080282732541,0.11536125413630795,65.50396960165284,92.66155707922013,34.195185392800596,298.14999962282707
52.5,1.752153953101389,0.11546856345346135,65.40779281089358,92.60400197516806,34.28100690774028,298.1499996587198
52.6,1.757245738104685,0.11556479103242702,65.31152062653287,92.54630042441956,34.36693629161231,298.1499996911969
52.7,1.7623553633615396,0.11564992286095818,65.21515340906635,92.48845365058372,34.452974130238104,298.1499997205834
52.8,1.7674825492174635,0.11572395359011375,65.11869154959918,92.43046291130337,34.53912099268707,298.1499997471734
52.9,1.7726270107443693,0.11578688653425831,65.02213546984609,92.37232949825496,34.62537743127662,298.14999977123307
53.0,1.77778845774057,0.11583873367106205,64.92548562213133,92.31405473714872,34.71174398157219,298.1499997930031
53.1,1.7829665947307791,0.11587951564150088,64.8287424893887,92.25563998772854,34.79822116238722,298.1499998127015
53.2,1.7881611209661115,0.11590926174985632,64.73190658516154,92.19708664377204,34.884809475783165,298.14999983052525
53.3,1.7933717304240824,0.11592800996371556,64.63497845360271,92.13839613309054,34.97150940706946,298.1499998466529
53.4,1.798598111808609,0.11593580691397146,64.53795866947462,92.07956991752903,35.05832142480358,298.1499998612458
53.5,1.8038399485500083,0.11593270789482253,64.44084783814924,92.02060949296626,35.145245980791,298.14999987445003
53.6,1.8090969188049983,0.11591877686377293,64.34364659560802,91.96151638931462,35.23228351008521,298.14999988639767
53.7,1.8143686954566982,0.1158940864416325,64.24635560844203,91.90229217052027,35.319434430987684,298.1499998972084
53.8,1.8196549461146279,0.11585871791251671,64.14897557385183,91.84293843456304,35.40669914504791,298.1499999069903
53.9,1.8249553331147086,0.1158127612238467,64.05150721964749,91.78345681345643,35.494078037063424,298.1499999158413
54.0,1.8302695135192617,0.11575631498634929,63.9539513042487,91.72384897324771,35.58157147507972,298.1499999238501
54.1,1.8355971391170103,0.11568948647405691,63.856308616684615,91.6641166140178,35.66917981039033,298.1499999310967
54.2,1.840937856423077,0.11561239162430768,63.758579976593964,91.60426146988138,35.75690337753679,298.1499999376537
54.3,1.8462913066789866,0.11552515503774537,63.66076623422502,91.54428530898677,35.844742494308626,298.14999994358675
54.4,1.8516571258526646,0.11542790997831942,63.562868270435565,91.48418993351605,35.93269746174341,298.14999994895516
54.5,1.857034944638437,0.11532079837328489,63.46488699669296,91.42397717968495,36.02076856412668,298.1499999538127
54.6,1.862424388457031,0.11520397081320256,63.36682335507406,91.36364891774295,36.10895606899202,298.149999958208
54.7,1.8678250774555738,0.11507758655193881,63.2686783182653,91.3032070519732,36.19726022712099,298.14999996218506
54.8,1.873236096738431,0.11494240017441242,63.17045670804887,91.24265709429704,36.28567903705337,298.14999996578365
54.9,1.878658058438992,0.1147976092713113,63.07215421151093,91.1819948225855,36.37421522142906,298.14999996903975
55.0,1.8840906305577405,0.11464338309812927,62.97377175434938,91.12122190812947,36.46286895999632,298.149999971986
55.1,1.8895334654895244,0.11447991113414478,62.87531037951765,91.06034012982319,36.551640360630536,298.1499999746519
55.2,1.894986219421354,0.11430738282454002,62.77677112888444,90.99935124982898,36.64052952143495,298.14999997706406
55.3,1.9004485523324037,0.11412598758040103,62.67815504323377,90.93825701357734,36.729536530740624,298.14999997924673
55.4,1.9059201279940121,0.11393591477871759,62.57946316226492,90.8770591497669,36.81866146710653,298.14999998122164
55.5,1.9114006139696793,0.11373735376238336,62.480696524592446,90.81575937036438,36.907904399319456,298.1499999830086
55.6,1.9168896816150707,0.11353049384019574,62.38185616774622,90.75435937060467,36.99726538639405,298.1499999846256
55.7,1.9223870060780135,0.11331552428685596,62.28294312817137,90.69286082899082,37.08674447757282,298.14999998608863
55.8,1.9278922662984992,0.11309263434296905,62.18395844122834,90.631265407294,37.17634171232612,298.14999998741246
55.9,1.9334051450086835,0.11286201321504384,62.08490314119283,90.5695747505535,37.26605712035219,298.1499999886103
56.0,1.9389253287328843,0.11262385007549292,61.98577826125584,90.50779048707673,37.35589072157707,298.1499999896942
56.1,1.9444525077875832,0.11237833406263277,61.88658483352365,90.4459142284393,37.445842526154706,298.1499999906749
56.2,1.9499863762814256,0.1121256542806836,61.787323889017834,90.38394756948492,37.53591253446687,298.1499999915623
56.3,1.9555266321152192,0.11186599979976947,61.68799645767527,90.32189208832543,37.62610073712318,298.1499999923653
56.4,1.9610729769819373,0.11159955965591814,61.58860356834805,90.2597493463408,37.71640711496115,298.1499999930918
56.5,1.9666251163667152,0.11132652285106132,61.489146248803635,90.19752088817917,37.80683163904611,298.1499999937492
56.6,1.9721827595468513,0.11104707835303441,61.38962552572473,90.13520824175679,37.897374270671264,298.14999999434406
56.7,1.977745619591808,0.11076141509557666,61.290042424709334,90.07281291825802,37.988034961357656,298.1499999948823
56.8,1.9833134133632107,0.11046972197833115,61.19039797027073,90.01033641213546,38.07881365285419,298.1499999953693
56.9,1.9888858615148495,0.11017218786684464,61.09069318583748,89.94778020110972,38.16971027713763,298.14999999581
57.0,1.9944626884926764,0.10986900159256782,60.99092909375344,89.88514574616964,38.2607247564126,298.1499999962087
57.1,2.000043622534808,0.10956035195285514,60.89110671527774,89.82243449157212,38.351857003111554,298.1499999965695
57.2,2.005628395671523,0.10924642771096484,60.79122707058484,89.75964786484228,38.44310691989483,298.14999999689593
57.3,2.0112167437252646,0.10892741759605896,60.69129117876443,89.6967872767733,38.5344743996506,298.14999999719134
57.4,2.0168084063106395,0.10860351030320337,60.59130005782149,89.63385412142655,38.625959325494904,298.1499999974586
57.5,2.0224031268344174,0.10827489449336769,60.49125472467633,89.5708497761315,38.71756157077162,298.14999999770043
57.6,2.0280006524955314,0.1079417587934254,60.3911561951645,89.50777560148579,38.8092809990525,298.1499999979193
57.7,2.033600734285078,0.10760429179615373,60.291005484036866,89.44463294135518,38.90111746413713,298.14999999811727
57.8,2.0392031269863167,0.10726268206023379,60.19080360495956,89.38142312287354,38.99307081005296,298.14999999829644
57.9,2.0448075891746726,0.10691711811025034,60.09055157051401,89.31814745644293,39.08514087105532,298.14999999845855
58.0,2.0504138832177317,0.10656778843669212,59.99025039219691,89.25480723573351,39.17732747162735,298.14999999860527
58.1,2.0560217752752443,0.10621488149595158,59.88990108042028,89.19140373768359,39.26963042648007,298.149999998738
58.2,2.0616310352991243,0.10585858571032494,59.789504644511396,89.12793822249961,39.36204954055235,298.14999999885805
58.3,2.0672414370334486,0.10549908946801233,59.689062092712824,89.06441193365616,39.4545846090109,298.14999999896673
58.4,2.0728527580144585,0.10513658112311755,59.588574432182405,89.00082609789594,39.54723541725032,298.1499999990651
58.5,2.0784647795705578,0.1047712489956483,59.48804266899329,88.93718192522981,39.64000174089304,298.14999999915403
58.6,2.084077286822314,0.10440328137151604,59.38746780813389,88.87348060893675,39.73288334578934,298.1499999992345
58.7,2.0896900686824584,0.10403286650253603,59.286850853507936,88.80972332556388,39.82587998801737,298.1499999993074
58.8,2.0953029178558844,0.10366019260642738,59.18619280793441,88.7459112349265,39.9189914138831,298.1499999993733
58.9,2.100915630839651,0.1032854478668129,59.08549467314759,88.68204548010797,40.01221735992041,298.1499999994329
59.0,2.1065280079229787,0.1029088204332193,58.984757449797044,88.61812718745986,40.105557552891014,298.1499999994869
59.1,2.1121398531872524,0.10253049842107707,58.88398213744763,88.55415746660181,40.19901170978444,298.14999999953574
59.2,2.1177508967643384,0.10215067310501452,58.78316992157688,88.49013782856292,40.29257954026593,298.1499999995799
59.3,2.1233606439979464,0.10176956188731562,58.68232235157704,88.42607092620484,40.38626094935403,298.14999999961987
59.4,2.128969550713192,0.10138733730170654,58.58143876015025,88.36195432655897,40.48005573819267,298.149999999656
59.5,2.1345774225263936,0.10100418452398818,58.48052019420322,88.29778915201513,40.57396356657794,298.14999999968876
59.6,2.1401840748271126,0.1006202880741409,58.37956767331461,88.23357647189924,40.667984096320026,298.1499999997184
59.7,2.1457893327781523,0.10023583181632469,58.27858218973494,88.16931730247332,40.76211699124316,298.1499999997452
59.8,2.1513930313155587,0.09985099895887903,58.177564708386655,88.10501260693539,40.856361917185666,298.1499999997694
59.9,2.1569950151486204,0.09946597205432287,58.07651616686402,88.04066329541963,40.9507185419999,298.14999999979136
60.0,2.1625951387598676,0.09908093299935483,57.975437475433274,87.97627022499627,41.04518653555229,298.1499999998112
60.1,2.1681932664050723,0.09869606303485304,57.8743295170325,87.91183419967162,41.13976556972333,298.14999999982916
60.2,2.1737892721132495,0.09831154274587511,57.77319314727168,87.8473559703881,41.2344553184076,298.1499999998454
60.3,2.1793830396866554,0.09792755206165828,57.6720291944327,87.78283623502413,41.32925545751368,298.14999999986014
60.4,2.1849744627007905,0.09754427025561924,57.570838459469336,87.7182756383943,41.424165664964306,298.14999999987344
60.5,2.1905634445043956,0.09716187594535428,57.46962171600724,87.65367477224926,41.5191856206962,298.1499999998855
60.6,2.1961498982194536,0.09678054709263924,57.36837971034396,87.5890341752757,41.61431500666018,298.1499999998964
60.7,2.2017337467411906,0.09640046100342946,57.26711316144894,87.52435433309641,41.70955350682111,298.14999999990624
60.8,2.2073149227380746,0.0960217943278599,57.165822760963536,87.45963567827027,41.80490080715794,298.14999999991517
60.9,2.212893368651816,0.09564472306024496,57.06450917320095,87.39487859029228,41.900356595663695,298.14999999992324
61.0,2.218469036697367,0.09526942253907864,56.96317303514632,87.33008339559342,41.995920562345404,298.1499999999305
61.1,2.224041888862922,0.09489606744703445,56.86181495645664,87.26525036754082,42.091592399224226,298.14999999993717
61.2,2.229611896909918,0.09452483181096552,56.76043551946081,87.20037972643769,42.18737180033534,298.14999999994313
61.3,2.235179042373034,0.09415588900190447,56.65903527915965,87.1354716395233,42.28325846172801,298.14999999994853
61.4,2.240743316560191,0.09378941173506339,56.55761476322582,87.07052622097302,42.37925208146556,298.1499999999534
61.5,2.246304720552553,0.09342557206983404,56.4561744720039,87.00554353189827,42.47535235962537,298.14999999995786
61.6,2.2518632652045247,0.09306454140978765,56.354714878510364,86.94052358034658,42.57155899829889,298.1499999999619
61.7,2.2574189711437547,0.09270649050267502,56.25323642843357,86.87546632130154,42.667871701591636,298.1499999999655
61.8,2.262971868771132,0.0923515894404265,56.15173954013376,86.81037165668285,42.764290175623174,298.14999999996877
61.9,2.2685219982607907,0.09200000765915191,56.050224604643084,86.74523943534624,42.86081412852715,298.1499999999717
62.0,2.274069409560104,0.0916519139391407,55.948691985665576,86.68006945308358,42.95744327045127,298.14999999997445
62.1,2.2796141623896884,0.09130747640486181,55.847142019577156,86.61486145262276,43.0541773135573,298.14999999997684
62.2,2.285156326243403,0.09096686252496376,55.745575015425636,86.54961512362782,43.151015972021064,298.14999999997906
62.3,2.290695980388349,0.09063023911227462,55.643991254930754,86.4843301026988,43.24795896203245,298.14999999998105
62.4,2.2962332138648702,0.09029777232380193,55.54239099248407,86.41900597337188,43.345006001795426,298.14999999998287
62.5,2.3017681254865514,0.0899696276607328,55.440774455149096,86.35364226611931,43.442156811528015,298.14999999998446
62.6,2.3073008238402206,0.08964596996843396,55.33914184266121,86.2882384583494,43.5394111134623,298.14999999998594
62.7,2.3128314272859476,0.0893269634364516,55.23749332742769,86.22279397440657,43.63676863184442,298.1499999999873
62.8,2.3183600639570443,0.08901277159851148,55.135829054527704,86.15730818557128,43.734229092934584,298.1499999999885
62.9,2.3238867779272367,0.0887037747643603,55.03414926829064,86.09178093471284,43.83179222490875,298.1499999999896
63.0,2.3294115510038025,0.08840035920653906,54.93245419364474,86.02621232427057,43.92945795854552,298.1499999999906
63.1,2.3349348330405144,0.08810194993341505,54.83074342652745,85.96059987955732,44.02722614934442,298.14999999999145
63.2,2.340456792859315,0.0878087493258138,54.72901696658414,85.89494274889016,44.12509654685219,298.1499999999923
63.3,2.345977609163709,0.08752095392069545,54.62727477586769,85.82924002130618,44.223068916703326,298.14999999999304
63.4,2.3514974705387566,0.08723875441115467,54.52551677883845,85.76349072656231,44.3211430406201,298.14999999999367
63.5,2.3570165754510777,0.08696233564642081,54.423742862364314,85.69769383513552,44.4193187164125,298.1499999999943
63.6,2.3625351322488504,0.08669187663185773,54.32195287572064,85.63184825822269,44.51759575797825,298.1499999999948
63.7,2.3680533591618116,0.08642755052896403,54.22014663059033,85.56595284774065,44.61597399530288,298.1499999999953
63.8,2.373571484301256,0.08616952465537278,54.118323901063754,85.50000639632616,44.71445327445961,298.1499999999958
63.9,2.3790897456600377,0.08591796048485166,54.0164844236388,85.43400763733595,44.81303345760944,298.1499999999962
64.0,2.384608391112569,0.08567301364730301,53.914627897220875,85.36795524484671,44.91171442300113,298.14999999999657
64.1,2.3901276784148195,0.08543483392876375,53.81275398312286,85.30184783365506,45.01049606497116,298.1499999999969
64.2,2.395647875204319,0.08520356527140532,53.710862305065135,85.23568395927754,45.109378293943784,298.1499999999972
64.3,2.401169259000154,0.08497934577353393,53.608952449175646,85.16946211795069,45.20836103643098,298.1499999999975
64.4,2.4066921172029723,0.0847623076895902,53.50702396398977,85.10318074663097,45.30744423503253,298.1499999999977
64.5,2.4122167470949756,0.08455257743014946,53.40507636045042,85.03683822299479,45.406627848435875,298.14999999999793
64.6,2.4177434558399282,0.08435027556192164,53.303109111908014,84.9704328654385,45.505911851416286,298.14999999999816
64.7,2.4232725604831513,0.08415551680775116,53.20112165412043,84.90396293307842,45.60529623483676,298.14999999999833
64.8,2.4288043879515246,0.0839684100466172,53.09911338525314,84.8374266257508,45.70478100564802,298.1499999999985
64.9,2.4343392750534867,0.08378905831363342,52.99708366587903,84.77082208401184,45.80436618688859,298.14999999999867
65.0,2.4398775684790337,0.08361755880004813,52.89503181897855,84.70414738913769,45.904051817684675,298.14999999999884
65.1,2.4454196247997197,0.08345400285324421,52.792957129939616,84.63740056312444,46.00383795325028,298.14999999999895
65.2,2.450965810468661,0.08329847597673913,52.69085884655764,84.57057956868815,46.10372466488716,298.14999999999907
65.3,2.456516501820527,0.08315105783018505,52.58873617903559,84.50368230926482,46.20371203998479,298.1499999999991
65.4,2.4620720850715503,0.0830118222293686,52.48658829998388,84.43670662901036,46.30380018202041,298.1499999999993
65.5,2.467632956319518,0.0828808371462111,52.38441434442046,84.36965031280069,46.403989210559004,298.14999999999935
65.6,2.473199521543778,0.08275816470876843,52.28221340977079,84.30251108623162,46.504279261253316,298.14999999999947
65.7,2.478772196605238,0.08264386120123104,52.17998455586779,84.23528661561893,46.604670485843855,298.1499999999996
65.8,2.48435140724636,0.08253797706392409,52.077726804951936,84.1679745079984,46.705163052158824,298.14999999999964
65.9,2.489937589091168,0.0824405568933072,51.97543914167115,84.10057231112565,46.805757144114246,298.1499999999997
66.0,2.4955311876452426,0.08235163944197468,51.873120513080934,84.03307751347634,46.906452961713825,298.1499999999998
66.1,2.5011326582957243,0.08227125761865542,51.770769828644234,83.96548754424603,47.00725072104906,298.14999999999986
66.2,2.5067424663113114,0.08219943848821286,51.66838596023148,83.89779977335026,47.10815065429921,298.1499999999999
66.3,2.512361086842259,0.08213620327164513,51.5659677421207,83.83001151142447,47.209153009731224,298.15000000000003
66.4,2.5179890049203846,0.08208156734608485,51.46351397099731,83.7621200098241,47.310258051699876,298.15000000000003
66.5,2.5236267154590597,0.08203554024479934,51.36102340595433,83.69412246062451,47.41146606064761,298.15000000000015
66.6,2.529274723253217,0.08199812565719046,51.25849476849221,83.62601599662102,47.512777333104694,298.1500000000002
66.7,2.5349335429793483,0.08196932142879469,51.15592674251893,83.55779769132889,47.614192181689106,298.1500000000003
66.8,2.5406036991955006,0.0819491195612831,51.05331797435,83.4894645589833,47.715710935106564,298.1500000000004
66.9,2.546285726341283,0.08193750621246135,50.950667072708384,83.42101355453943,47.81733393815059,298.1500000000005
67.0,2.5519801687378596,0.08193446169626972,50.84797260872459,83.3524415736724,47.91906155170236,298.15000000000055
67.1,2.5576875805879555,0.08193996048278307,50.7452331159366,83.28374545277723,48.020894152730904,298.15000000000066
67.2,2.563408525975855,0.08195397119821086,50.64244709028991,83.21492196896892,48.12283213429294,298.1500000000008
67.3,2.569143564146538,0.08197645104582843,50.539612983169974,83.14596791416129,48.22487592998181,298.1500000000009
67.4,2.574892982012708,0.08200732214612401,50.436729761099954,83.07688147450698,48.32702616237076,298.150000000001
67.5,2.580657227500884,0.08204653258618344,50.33379628519597,83.00765999603853,48.42928330496455,298.1500000000011
67.6,2.5864368302162566,0.08209400038068447,50.23081100348529,82.93830038149355,48.531647909967035,298.1500000000012
67.7,2.592232312529329,0.08214963571433337,50.12777237374084,82.8687995660448,48.63412054468911,298.1500000000014
67.8,2.5980441895759134,0.08221334094186493,50.02467886348118,82.79915451730038,48.73670179154877,298.1500000000016
67.9,2.6038729692571354,0.08228501058804258,49.92152894997048,82.72936223530358,48.839392248071135,298.1500000000018
68.0,2.6097191522394287,0.08236453134765831,49.81832112021859,82.65941975253294,48.9421925268884,298.15000000000197
68.1,2.6155832319545413,0.08245178208553261,49.715053870980974,82.58932413390222,49.045103255739875,298.1500000000022
68.2,2.621465694599531,0.0825466338365146,49.61172570875869,82.51907247676044,49.14812507747198,298.1500000000025
68.3,2.6273670191367655,0.08264894980548196,49.508335149798505,82.44866191089186,49.2512586500382,298.1500000000027
68.4,2.6332876772939273,0.08275858536734092,49.40488072009278,82.37808959851598,49.35450464649918,298.150000000003
68.5,2.6392281335640058,0.0828753880670263,49.30136095537953,82.30735273428756,49.45786375502259,298.15000000000333
68.6,2.645188845205303,0.08299919761950142,49.197774401142375,82.23644854529655,49.56133667888326,298.1500000000037
68.7,2.6511702622414357,0.08312984590975828,49.094119612610584,82.16537429106815,49.66492413646311,298.15000000000407
68.8,2.6571728274613253,0.08326715699281734,48.990395154759085,82.09412726356287,49.76862686125112,298.1500000000046
68.9,2.66319697641921,0.08341094709372769,48.8865996023084,82.02270478717637,49.87244560184344,298.1500000000051
69.0,2.669243137434635,0.08356102460756695,48.782731539724736,81.95110421873962,49.976381121943234,298.1500000000056
69.1,2.67531173159246,0.08371719009944134,48.678789561219894,81.87932294751877,50.080434200360834,298.15000000000623
69.2,2.681403172742855,0.08387923630448564,48.57477227075131,81.80735839521523,50.18460563101368,298.15000000000686
69.3,2.687517867501299,0.08404694812786316,48.47067828202209,81.73520801596571,50.28889622292623,298.1500000000076
69.4,2.6936562152485855,0.08422010264476584,48.36650621848094,81.66286929634205,50.39330680023016,298.1500000000084
69.5,2.699818608130815,0.08439846910041411,48.26225471332224,81.59033975535144,50.49783820216412,298.1500000000093
69.6,2.7060054310594035,0.08458180891005702,48.15792240948597,81.51761694443624,50.602491283073945,298.15000000001027
69.7,2.7122170617110766,0.08476987565897222,48.05350795965773,81.44469844747405,50.70726691241258,298.15000000001135
69.8,2.718453870527869,0.08496241510246581,47.94901002626883,81.37158188077775,50.81216597473998,298.15000000001254
69.9,2.7247162207171303,0.0851591651658726,47.84442728149612,81.29826489309545,50.91718936972332,298.15000000001385
70.0,2.7310044682515175,0.08535985594455583,47.73975840726218,81.22474516561047,51.02233801213676,298.1500000000153
70.1,2.737318961869001,0.08556420970390742,47.63500209523515,81.15102041194142,51.12761283186164,298.1500000000169
70.2,2.743660043072863,0.0857719408793478,47.530157046828826,81.07708837814208,51.23301477388639,298.1500000000187
70.3,2.750028046131694,0.08598275607632595,47.42522197320267,81.00294684270156,51.33854479830649,298.15000000002067
70.4,2.7564232980793992,0.0861963540703195,47.32019559526174,80.9285936165441,51.444203880324594,298.1500000000228
70.5,2.762846298422752,0.08641241135816229,47.215076100080466,80.854025550368,51.54999309242921,298.1500000000253
70.6,2.769297026135926,0.08663070440573496,47.109863202929404,80.77924237231909,51.655913280604274,298.1500000000279
70.7,2.7757756509548184,0.08685093628803107,47.00455604891357,80.70424274121011,51.76196540541283,298.15000000003084
70.8,2.78228238914808,0.08707279678704001,46.8991536394239,80.62902505347995,51.86815045983898,298.1500000000341
70.9,2.7888174391416487,0.08729597474635503,46.793655024133734,80.55358780002521,51.974469438418325,298.15000000003766
71.0,2.7953809815187376,0.08752015807117298,46.688059300998994,80.47792956620037,52.08092333723785,298.15000000004164
71.1,2.8019731790198423,0.08774503372829455,46.58236561625807,80.40204903181774,52.18751315393604,298.150000000046
71.2,2.808594176542739,0.08797028774612409,46.47657316443184,80.32594497114735,52.29423988770283,298.15000000005085
71.3,2.8152441011424796,0.08819560521466964,46.37068118832371,80.24961625291718,52.40110453927954,298.1500000000562
71.4,2.821923062031402,0.08842067028554303,46.26468897901954,80.17306184031291,52.508108110959014,298.1500000000621
71.5,2.8286311505791186,0.08864516617195972,46.158595875887755,80.09628079097813,52.615251606585474,298.15000000006864
71.6,2.835368440312525,0.088868775148739,46.05240126657924,80.01927225701415,52.72253603155465,298.1500000000759
71.7,2.8421349869157972,0.08909117855230383,45.94610458702735,79.94203548498018,52.829962392813684,298.1500000000839
71.8,2.8489308282303876,0.08931205678068085,45.83970532144803,79.8645698158932,52.93753169886116,298.1500000000927
71.9,2.8557559842550337,0.0895310892935005,45.733203002339636,79.78687468522801,53.04524495974714,298.15000000010247
72.0,2.8626104571457476,0.08974795461199683,45.62659721048308,79.70894962291725,53.15310318707309,298.1500000001132
